{"cameraMode":{"drawMode":0,"name":"Shaded","section":"Shading Mode"},"sceneLighting":true,"audioPlay":false,"sceneViewState":{"m_AlwaysRefresh":false,"showFog":true,"showSkybox":true,"showFlares":true,"showImageEffects":true,"showParticleSystems":true,"showVisualEffectGraphs":true,"m_FxEnabled":true},"in2DMode":false,"pivot":{"x":-0.49083736538887026,"y":0.8072604537010193,"z":93.07279968261719},"rotation":{"x":0.010309304110705853,"y":0.00531001528725028,"z":-0.00005474296631291509,"w":0.9999356269836426},"size":6.534024238586426,"orthographic":false}